0,Invisible,Excellent,Excellent@email.com
1,Imaginary,Speedy,Speedy@another_email.com
2,Not Real,Super,Super@yet_another_email.com
3,Fictional,Wonderful,Wonderful@making_up_emails.com
4,Hidden,Fantastic,Fantastic@omg_so_many_email_addresses.com
0,dev,turner,user.com
0,Invisible,Excellent,Excellent@email.com
1,Imaginary,Speedy,Speedy@another_email.com
3,Fictional,Wonderful,Wonderful@making_up_emails.com
4,Hidden,Fantastic,Fantastic@omg_so_many_email_addresses.com
0,Invisible,Excellent,Excellent@email.com
1,Imaginary,Speedy,Speedy@another_email.com
2,Not Real,Super,Super@yet_another_email.com
3,Fictional,Wonderful,Wonderful@making_up_emails.com
4,Hidden,Fantastic,Fantastic@omg_so_many_email_addresses.com
5,new,user,user.email
6,"","",""
